<odoo>
    <data>

             <record id="object0" model="cesta_de_la_compra.inventario">
            <field name="name">Manzana</field>
            <field name="cantidad">10</field>
              <field name="tipoPro">Alimento</field>
              <field name="precioUnidad">2</field>

          </record>
<!--
         <record id="object1" model="cesta_de_la_compra.comprador">
            <field name="name">Celia</field>
            <field name="apellido1">ap1</field>
             <field name="apellido2">ap2</field>
              <field name="direccion">calle invent123</field>
              <field name="dinero_a_cuenta">20</field>

          </record>

          <record id="object0" model="cesta_de_la_compra.inventario">
            <field name="name">Manzana</field>
            <field name="value">0</field>
          </record>

          <record id="object1" model="cesta_de_la_compra.cesta_de_la_compra">
            <field name="name">Object 1</field>
            <field name="value">10</field>
          </record>

          <record id="object2" model="cesta_de_la_compra.cesta_de_la_compra">
            <field name="name">Object 2</field>
            <field name="value">20</field>
          </record>

          <record id="object3" model="cesta_de_la_compra.cesta_de_la_compra">
            <field name="name">Object 3</field>
            <field name="value">30</field>
          </record>

          <record id="object4" model="cesta_de_la_compra.cesta_de_la_compra">
            <field name="name">Object 4</field>
            <field name="value">40</field>
          </record>
-->
    </data>
</odoo>